{
  "F0": {
    "scenario": "F0",
    "total_requests": 500,
    "successful_requests": 474,
    "success_rate": 0.948,
    "latency_p50": 100.01751356244174,
    "latency_p95": 148.36557267634396,
    "latency_p99": 171.38048492933973,
    "latency_max": 197.60838766620185,
    "latency_mean": 99.22824826825779,
    "agent_distribution": {
      "agent-1": 167,
      "agent-2": 167,
      "agent-3": 166
    },
    "fault_detection_time_ms": 0.0
  },
  "F1": {
    "scenario": "F1",
    "total_requests": 500,
    "successful_requests": 488,
    "success_rate": 0.976,
    "latency_p50": 84.98476602684056,
    "latency_p95": 125.22393520547487,
    "latency_p99": 140.0890881862171,
    "latency_max": 148.37938421532942,
    "latency_mean": 84.59348957359902,
    "agent_distribution": {
      "agent-1": 355,
      "agent-3": 80,
      "agent-2": 65
    },
    "fault_detection_time_ms": 0.0
  },
  "F2": {
    "scenario": "F2",
    "total_requests": 500,
    "successful_requests": 495,
    "success_rate": 0.99,
    "latency_p50": 74.29161522413419,
    "latency_p95": 107.71199020462674,
    "latency_p99": 120.46778172191559,
    "latency_max": 135.5801932229791,
    "latency_mean": 74.63781276996414,
    "agent_distribution": {
      "agent-1": 363,
      "agent-3": 89,
      "agent-2": 48
    },
    "fault_detection_time_ms": 0.0
  },
  "F3": {
    "scenario": "F3",
    "total_requests": 500,
    "successful_requests": 492,
    "success_rate": 0.984,
    "latency_p50": 78.84853748395051,
    "latency_p95": 118.32885043087514,
    "latency_p99": 135.41798398306867,
    "latency_max": 171.78962453772687,
    "latency_mean": 79.61823469776225,
    "agent_distribution": {
      "agent-3": 72,
      "agent-1": 359,
      "agent-2": 69
    },
    "fault_detection_time_ms": 0.0
  },
  "F4": {
    "scenario": "F4",
    "total_requests": 500,
    "successful_requests": 476,
    "success_rate": 0.952,
    "latency_p50": 108.54097462962385,
    "latency_p95": 479.6361168300138,
    "latency_p99": 631.3330930016803,
    "latency_max": 702.2956711085934,
    "latency_mean": 147.2874901388801,
    "agent_distribution": {
      "agent-3": 61,
      "agent-1": 353,
      "agent-2": 86
    },
    "fault_detection_time_ms": 500
  }
}